RunID,Server,Environment,RunnerType,Run-Date,Bene-ID,Request
"004",SOM,QA,Solo,"Apr 08, 2019  3:06:20 PM",{125},recentproviders
"004",SOM,QA,Solo,"Apr 08, 2019  3:06:48 PM",{838},summary
"004",SOM,QA,Solo,"Apr 08, 2019  3:07:07 PM",{971},summary
"004",SOM,QA,Solo,"Apr 08, 2019  3:07:26 PM",{169},summary
"004",SOM,QA,Solo,"Apr 08, 2019  3:07:46 PM",{005},summary
"004",SOM,QA,Solo,"Apr 08, 2019  3:08:24 PM",{835},summary
"004",SOM,QA,Solo,"Apr 08, 2019  3:08:37 PM",{835},recentproviders
"004",SOM,QA,Solo,"Apr 08, 2019  3:08:59 PM",{208},recentproviders
"004",SOM,QA,Solo,"Apr 08, 2019  3:09:20 PM",{215},recentproviders
"004",SOM,QA,Solo,"Apr 08, 2019  3:09:43 PM",{320},procedurecodes
"004",SOM,QA,Solo,"Apr 08, 2019  3:10:02 PM",{829},recentproviders